Date,Product_Type,Quantity,Price_per_Unit,Total_Sales
2022-12-19,Laptop,17,330.78,5623.26
2023-05-16,Mouse,6,259.61,1557.66
2023-03-28,Monitor,9,93.75,843.75
2022-11-24,Monitor,11,254.65,2801.15
2022-12-05,Keyboard,2,181.35,362.7
2023-08-14,Monitor,13,150.85,1961.05
2023-10-20,Laptop,3,385.09,1155.27
2023-01-27,Monitor,19,207.6,3944.4
2023-01-13,Mouse,12,62.61,751.32
2022-10-25,Laptop,10,259.48,2594.8
2023-02-25,Monitor,10,337.27,3372.7
2023-06-05,Headphones,2,75.4,150.8
2023-06-08,Headphones,15,286.2,4293.0
2023-10-11,Mouse,4,228.58,914.32
2023-03-12,Keyboard,5,454.0,2270.0
2023-05-28,Headphones,14,497.63,6966.82
2022-12-14,Monitor,8,446.79,3574.32
2023-05-10,Laptop,14,390.22,5463.08
2023-06-15,Monitor,9,95.88,862.92
2023-04-25,Keyboard,1,402.11,402.11
2023-02-07,Keyboard,7,488.1,3416.7
2023-05-27,Keyboard,14,154.19,2158.66
2022-12-27,Keyboard,5,142.61,713.05
2023-09-12,Laptop,20,112.82,2256.4
2023-10-09,Laptop,11,289.36,3182.96
2023-04-28,Monitor,19,461.85,8775.15
2023-04-23,Monitor,5,113.86,569.3
2023-08-21,Laptop,20,143.12,2862.4
2023-07-26,Monitor,13,306.27,3981.51
2023-07-25,Headphones,17,154.96,2634.32
2023-03-16,Keyboard,16,322.27,5156.32
2022-11-21,Monitor,9,79.18,712.62
2023-02-12,Monitor,12,142.21,1706.52
2023-07-10,Keyboard,20,442.86,8857.2
2023-02-18,Laptop,4,363.36,1453.44
2023-05-04,Monitor,12,174.59,2095.08
2023-03-27,Monitor,11,121.33,1334.63
2022-11-26,Monitor,18,403.94,7270.92
2022-10-23,Headphones,16,360.62,5769.92
2023-09-15,Mouse,11,396.45,4360.95
2023-06-07,Headphones,2,264.29,528.58
2023-01-25,Laptop,16,129.82,2077.12
2023-04-11,Headphones,18,142.61,2566.98
2023-04-09,Laptop,7,173.78,1216.46
2022-12-27,Keyboard,13,146.55,1905.15
2023-04-16,Laptop,14,96.62,1352.68
2023-06-05,Headphones,18,109.71,1974.78
2023-09-15,Mouse,2,413.73,827.46
2023-09-16,Monitor,4,492.89,1971.56
2022-12-05,Laptop,16,309.27,4948.32
2023-05-03,Monitor,5,58.16,290.8
2023-03-16,Headphones,16,406.7,6507.2
2023-06-16,Monitor,5,459.58,2297.9
2023-05-05,Monitor,8,390.46,3123.68
2023-09-10,Mouse,6,377.0,2262.0
2023-04-08,Monitor,9,140.09,1260.81
2022-12-31,Mouse,2,129.22,258.44
2022-10-24,Headphones,6,196.44,1178.64
2023-01-04,Keyboard,13,452.54,5883.02
2023-03-30,Monitor,13,176.79,2298.27
2023-05-07,Mouse,11,209.27,2301.97
2023-06-25,Monitor,15,123.33,1849.95
2023-02-08,Headphones,8,145.43,1163.44
2022-12-07,Keyboard,8,321.7,2573.6
2022-12-02,Keyboard,20,64.57,1291.4
2023-03-16,Mouse,9,377.9,3401.1
2023-02-09,Keyboard,6,289.95,1739.7
2023-06-08,Laptop,15,250.09,3751.35
2023-05-05,Laptop,15,131.95,1979.25
2023-08-28,Headphones,18,497.29,8951.22
2023-08-21,Headphones,5,114.35,571.75
2023-08-08,Mouse,2,440.63,881.26
2023-05-02,Headphones,12,442.07,5304.84
2023-10-02,Keyboard,11,388.17,4269.87
2022-12-20,Keyboard,20,318.6,6372.0
2023-02-08,Monitor,5,355.44,1777.2
2023-06-04,Monitor,19,160.83,3055.77
2023-10-04,Headphones,19,107.02,2033.38
2023-06-14,Keyboard,8,187.11,1496.88
2023-10-07,Headphones,2,112.48,224.96
2023-06-20,Mouse,1,286.52,286.52
2023-01-05,Mouse,11,69.61,765.71
2023-10-18,Mouse,1,497.44,497.44
2023-06-25,Laptop,10,51.32,513.2
2023-04-28,Mouse,16,110.9,1774.4
2023-07-17,Mouse,13,129.76,1686.88
2023-07-13,Monitor,14,255.92,3582.88
2023-07-12,Keyboard,15,498.83,7482.45
2023-02-14,Mouse,7,81.0,567.0
2023-01-25,Monitor,2,137.82,275.64
2023-02-03,Monitor,13,63.66,827.58
2023-07-22,Keyboard,10,240.42,2404.2
2023-04-24,Mouse,6,266.57,1599.42
2023-09-27,Headphones,2,252.63,505.26
2023-02-16,Keyboard,18,158.61,2854.98
2023-02-28,Mouse,11,60.08,660.88
2023-04-05,Headphones,6,348.21,2089.26
2023-10-18,Laptop,4,228.44,913.76
2023-05-22,Keyboard,20,122.24,2444.8
2023-07-01,Keyboard,8,94.71,757.68
2023-05-26,Keyboard,11,272.65,2999.15
2023-08-16,Headphones,17,467.26,7943.42
2023-01-02,Laptop,12,371.23,4454.76
2023-01-22,Laptop,13,317.52,4127.76
2023-09-19,Laptop,4,457.26,1829.04
2023-03-12,Laptop,1,408.36,408.36
2023-05-17,Keyboard,11,94.79,1042.69
2023-03-08,Laptop,16,389.18,6226.88
2023-10-14,Laptop,3,402.37,1207.11
2023-09-22,Headphones,7,398.29,2788.03
2022-12-28,Keyboard,2,342.67,685.34
2023-10-12,Mouse,14,291.36,4079.04
2023-05-09,Monitor,5,145.66,728.3
2023-02-03,Mouse,2,325.6,651.2
2023-08-04,Monitor,6,82.48,494.88
2023-09-09,Monitor,15,149.6,2244.0
2023-07-25,Laptop,7,371.24,2598.68
2023-02-02,Mouse,5,307.34,1536.7
2023-02-13,Monitor,1,314.18,314.18
2023-06-11,Keyboard,15,468.86,7032.9
2022-12-13,Laptop,6,323.94,1943.64
2023-09-27,Headphones,2,393.14,786.28
2023-08-15,Mouse,18,320.78,5774.04
2022-11-29,Keyboard,10,215.59,2155.9
2023-06-18,Monitor,18,72.0,1296.0
2023-06-19,Monitor,15,297.67,4465.05
2023-05-12,Keyboard,18,325.1,5851.8
2023-08-22,Mouse,4,379.64,1518.56
2023-04-15,Headphones,16,484.59,7753.44
2022-12-21,Laptop,8,111.26,890.08
2023-01-06,Monitor,9,166.99,1502.91
2023-08-23,Laptop,10,333.9,3339.0
2023-07-24,Mouse,1,247.78,247.78
2023-08-08,Monitor,1,458.4,458.4
2023-01-24,Headphones,9,279.1,2511.9
2023-04-19,Laptop,17,487.55,8288.35
2023-02-28,Mouse,16,269.21,4307.36
2023-06-21,Keyboard,15,484.09,7261.35
2023-08-03,Headphones,5,128.15,640.75
2022-12-11,Keyboard,12,158.04,1896.48
2023-02-06,Laptop,14,341.56,4781.84
2023-04-01,Mouse,9,232.02,2088.18
2023-01-05,Laptop,5,265.68,1328.4
2023-08-02,Keyboard,18,386.8,6962.4
2023-01-31,Headphones,18,76.93,1384.74
2023-01-16,Keyboard,4,497.26,1989.04
2023-09-01,Mouse,19,355.8,6760.2
2023-09-10,Mouse,4,216.03,864.12
2023-04-27,Laptop,13,93.02,1209.26
2023-02-16,Headphones,20,391.02,7820.4
2023-01-21,Keyboard,18,353.39,6361.02
2023-06-11,Mouse,17,135.02,2295.34
2023-10-22,Monitor,1,393.75,393.75
2023-01-02,Keyboard,2,54.67,109.34
2022-12-15,Monitor,15,95.8,1437.0
2023-07-18,Headphones,9,57.6,518.4
2023-04-23,Monitor,7,298.0,2086.0
2023-07-03,Monitor,11,388.1,4269.1
2023-10-04,Headphones,20,207.78,4155.6
2022-12-07,Monitor,6,469.92,2819.52
2023-06-14,Headphones,9,96.38,867.42
2023-06-12,Laptop,9,89.3,803.7
2023-06-13,Headphones,3,197.69,593.07
2022-11-10,Headphones,18,415.05,7470.9
2023-02-05,Headphones,7,368.42,2578.94
2023-09-28,Keyboard,8,73.08,584.64
2023-10-11,Monitor,11,345.07,3795.77
2023-09-24,Keyboard,1,183.49,183.49
2023-06-11,Monitor,15,384.71,5770.65
2023-07-03,Keyboard,18,463.06,8335.08
2023-06-15,Keyboard,2,168.64,337.28
2023-04-25,Keyboard,20,159.22,3184.4
2023-06-07,Laptop,16,205.14,3282.24
2022-12-18,Mouse,12,221.06,2652.72
2023-05-13,Headphones,9,240.86,2167.74
2022-10-30,Laptop,2,187.74,375.48
2023-04-20,Headphones,13,436.76,5677.88
2022-12-11,Laptop,9,386.92,3482.28
2022-12-26,Laptop,13,399.61,5194.93
2023-09-08,Monitor,16,332.33,5317.28
2023-07-16,Mouse,18,52.53,945.54
2023-06-04,Keyboard,12,186.33,2235.96
2023-03-08,Keyboard,16,213.89,3422.24
2023-04-07,Keyboard,18,421.02,7578.36
2023-08-01,Keyboard,15,355.23,5328.45
2023-03-29,Monitor,7,347.22,2430.54
2023-08-20,Laptop,3,394.03,1182.09
2023-04-24,Laptop,9,340.77,3066.93
2022-11-07,Headphones,11,240.81,2648.91
2023-04-04,Laptop,7,291.86,2043.02
2022-12-15,Keyboard,11,135.69,1492.59
2023-01-08,Laptop,3,112.26,336.78
2023-05-21,Mouse,18,298.09,5365.62
2022-12-05,Mouse,18,176.9,3184.2
2023-08-13,Laptop,18,462.56,8326.08
2023-03-16,Laptop,19,110.42,2097.98
2023-10-17,Monitor,18,485.63,8741.34
2022-11-06,Keyboard,4,211.23,844.92
2022-12-04,Headphones,5,78.02,390.1
2023-10-04,Keyboard,15,160.9,2413.5
2023-09-10,Keyboard,18,455.14,8192.52
2023-09-13,Laptop,11,155.99,1715.89
2023-06-19,Monitor,6,388.22,2329.32
2022-12-02,Laptop,9,218.74,1968.66
2022-11-21,Laptop,17,128.26,2180.42
2022-10-27,Laptop,9,194.39,1749.51
2023-06-08,Keyboard,7,54.06,378.42
2023-07-17,Mouse,10,113.25,1132.5
2023-03-05,Headphones,3,222.37,667.11
2023-01-07,Keyboard,18,281.55,5067.9
2023-02-25,Monitor,2,457.71,915.42
2023-09-15,Keyboard,10,330.39,3303.9
2023-07-28,Keyboard,1,417.97,417.97
2023-06-02,Headphones,14,465.11,6511.54
2023-07-14,Laptop,7,350.27,2451.89
2023-04-22,Laptop,12,93.71,1124.52
2023-07-05,Headphones,12,106.1,1273.2
2023-05-31,Monitor,6,61.32,367.92
2023-10-18,Monitor,7,119.78,838.46
2023-04-22,Keyboard,20,432.71,8654.2
2023-01-23,Mouse,4,172.92,691.68
2023-04-24,Headphones,12,141.38,1696.56
2023-03-08,Mouse,1,255.42,255.42
2023-03-08,Monitor,15,466.3,6994.5
2023-10-14,Monitor,2,65.81,131.62
2023-05-01,Mouse,15,324.61,4869.15
2023-07-31,Monitor,10,407.65,4076.5
2023-10-12,Laptop,12,288.59,3463.08
2023-09-23,Laptop,3,193.97,581.91
2023-03-26,Keyboard,4,111.72,446.88
2023-02-05,Keyboard,20,223.94,4478.8
2023-05-25,Headphones,5,82.76,413.8
2022-11-08,Monitor,10,81.86,818.6
2023-05-20,Monitor,4,376.46,1505.84
2023-02-26,Headphones,3,197.0,591.0
2022-12-21,Keyboard,10,163.38,1633.8
2023-07-18,Mouse,19,400.69,7613.11
2022-11-20,Keyboard,4,353.17,1412.68
2023-04-16,Keyboard,9,152.25,1370.25
2023-05-27,Headphones,17,185.06,3146.02
2023-08-07,Laptop,19,272.91,5185.29
2022-11-10,Laptop,11,289.58,3185.38
2023-03-03,Headphones,2,203.17,406.34
2022-10-26,Keyboard,17,309.09,5254.53
2023-03-14,Monitor,16,419.2,6707.2
2023-04-19,Laptop,16,359.36,5749.76
2022-12-03,Laptop,19,85.63,1626.97
2023-04-25,Laptop,9,343.74,3093.66
2023-07-25,Headphones,19,155.31,2950.89
2022-11-30,Keyboard,18,366.04,6588.72
2022-12-18,Laptop,10,370.23,3702.3
2023-09-05,Mouse,13,469.47,6103.11
2022-11-18,Laptop,17,423.77,7204.09
2023-07-24,Mouse,20,64.64,1292.8
2023-03-08,Mouse,17,157.78,2682.26
2023-01-25,Mouse,11,279.33,3072.63
2023-09-25,Headphones,3,125.15,375.45
2022-12-09,Laptop,19,469.75,8925.25
2023-05-09,Laptop,5,194.34,971.7
2023-03-28,Headphones,18,458.04,8244.72
2023-04-02,Mouse,18,92.15,1658.7
2023-08-31,Mouse,10,194.02,1940.2
2023-05-12,Monitor,4,309.28,1237.12
2023-05-03,Monitor,15,313.46,4701.9
2023-01-21,Mouse,9,490.44,4413.96
2022-11-23,Laptop,3,494.2,1482.6
2023-08-07,Keyboard,8,176.59,1412.72
2023-08-31,Mouse,18,237.65,4277.7
2022-12-21,Keyboard,7,458.79,3211.53
2023-07-03,Headphones,15,467.8,7017.0
2023-07-15,Monitor,10,258.13,2581.3
2023-10-15,Keyboard,20,130.97,2619.4
2022-10-24,Mouse,10,135.52,1355.2
2023-02-11,Laptop,2,331.49,662.98
2022-12-19,Monitor,20,119.74,2394.8
2023-03-27,Monitor,13,198.21,2576.73
2023-09-01,Mouse,8,150.84,1206.72
2023-03-05,Laptop,7,310.59,2174.13
2023-01-01,Mouse,20,300.02,6000.4
2023-08-07,Keyboard,18,294.23,5296.14
2023-09-02,Laptop,9,88.07,792.63
2022-12-28,Headphones,5,134.63,673.15
2023-09-18,Laptop,2,73.72,147.44
2023-05-19,Headphones,12,459.01,5508.12
2023-05-07,Monitor,20,126.37,2527.4
2023-06-09,Keyboard,3,407.35,1222.05
2023-09-26,Laptop,14,157.33,2202.62
2022-12-05,Laptop,6,128.31,769.86
2023-03-02,Laptop,7,349.54,2446.78
2023-01-16,Laptop,2,480.74,961.48
2022-11-17,Monitor,3,442.05,1326.15
2023-08-31,Laptop,1,82.41,82.41
2022-11-15,Keyboard,9,130.99,1178.91
2023-02-03,Mouse,19,415.26,7889.94
2023-08-28,Headphones,5,384.85,1924.25
2023-09-15,Headphones,7,329.68,2307.76
2023-01-06,Headphones,14,348.12,4873.68
2023-07-13,Laptop,11,162.97,1792.67
2023-10-21,Mouse,17,96.29,1636.93
2023-07-15,Mouse,1,236.06,236.06
2023-02-11,Headphones,16,267.97,4287.52
2023-01-04,Laptop,2,51.32,102.64
2023-08-09,Headphones,15,256.52,3847.8
2023-09-11,Headphones,13,340.68,4428.84
2022-12-06,Laptop,7,283.75,1986.25
2023-09-17,Headphones,6,403.45,2420.7
2022-11-18,Keyboard,11,183.82,2022.02
2023-10-03,Headphones,15,131.12,1966.8
2023-09-10,Keyboard,9,354.66,3191.94
2023-01-10,Mouse,19,440.02,8360.38
2023-08-09,Headphones,18,338.45,6092.1
2023-02-21,Laptop,9,55.24,497.16
2023-08-09,Mouse,14,144.74,2026.36
2022-11-02,Keyboard,12,440.32,5283.84
2022-10-28,Monitor,18,79.66,1433.88
2023-01-08,Monitor,8,325.64,2605.12
2023-04-16,Mouse,7,300.4,2102.8
2022-11-28,Monitor,12,116.86,1402.32
2023-04-21,Mouse,15,70.35,1055.25
2023-03-26,Laptop,16,457.34,7317.44
2023-02-19,Headphones,1,380.3,380.3
2022-10-26,Keyboard,6,336.41,2018.46
2023-05-31,Mouse,16,262.22,4195.52
2023-08-19,Laptop,4,223.7,894.8
2022-12-05,Monitor,6,336.1,2016.6
2023-04-13,Headphones,5,360.44,1802.2
2023-07-22,Headphones,16,60.62,969.92
2023-03-02,Keyboard,5,405.69,2028.45
2022-12-09,Keyboard,11,409.18,4500.98
2023-09-05,Headphones,19,68.31,1297.89
2023-09-05,Headphones,20,151.81,3036.2
2023-06-29,Mouse,14,309.7,4335.8
2022-12-17,Monitor,16,219.65,3514.4
2023-01-10,Mouse,4,123.74,494.96
2023-05-17,Monitor,10,83.35,833.5
2023-09-20,Headphones,20,311.49,6229.8
2022-10-25,Laptop,2,288.26,576.52
2023-01-15,Headphones,5,314.66,1573.3
2023-06-03,Headphones,16,138.76,2220.16
2023-07-27,Keyboard,10,416.35,4163.5
2022-12-13,Laptop,20,130.82,2616.4
2023-07-29,Keyboard,11,110.61,1216.71
2023-09-03,Monitor,10,299.81,2998.1
2022-12-09,Laptop,17,127.88,2173.96
2023-01-26,Laptop,2,440.64,881.28
2023-04-18,Keyboard,18,482.52,8685.36
2023-08-26,Keyboard,5,285.88,1429.4
2023-05-22,Headphones,4,70.83,283.32
2023-08-09,Mouse,4,460.47,1841.88
2023-02-08,Monitor,13,189.23,2459.99
2023-05-29,Keyboard,19,112.62,2139.78
2023-09-15,Mouse,10,473.96,4739.6
2023-07-16,Mouse,6,448.63,2691.78
2023-06-01,Headphones,4,192.19,768.76
2023-02-11,Laptop,17,216.31,3677.27
2023-04-02,Headphones,5,289.19,1445.95
2022-11-24,Keyboard,4,465.57,1862.28
2023-10-05,Monitor,20,359.9,7198.0
2023-09-07,Mouse,3,174.12,522.36
2023-06-27,Keyboard,5,343.62,1718.1
2023-06-26,Keyboard,20,219.31,4386.2
2023-07-05,Headphones,7,247.92,1735.44
2023-05-03,Keyboard,9,58.26,524.34
2023-02-05,Keyboard,16,331.78,5308.48
2023-05-15,Mouse,11,205.16,2256.76
2023-03-12,Mouse,8,276.97,2215.76
2023-08-16,Mouse,12,107.58,1290.96
2023-07-05,Monitor,13,382.89,4977.57
2023-05-06,Mouse,6,466.05,2796.3
2023-03-28,Laptop,12,441.32,5295.84
2022-10-25,Monitor,2,113.55,227.1
2023-05-17,Keyboard,20,283.0,5660.0
2023-01-19,Monitor,4,160.77,643.08
2023-06-01,Keyboard,12,365.59,4387.08
2023-02-25,Laptop,1,343.63,343.63
2022-12-22,Headphones,4,67.48,269.92
2023-07-18,Laptop,14,59.67,835.38
2023-08-24,Keyboard,17,385.53,6554.01
2022-11-29,Laptop,11,77.43,851.73
2023-08-10,Mouse,15,78.02,1170.3
2023-09-09,Keyboard,13,192.57,2503.41
2023-06-27,Headphones,9,76.24,686.16
2023-06-01,Keyboard,20,395.76,7915.2
2023-09-10,Keyboard,15,406.19,6092.85
2022-11-02,Monitor,14,270.01,3780.14
2023-08-10,Keyboard,18,307.87,5541.66
2023-08-13,Monitor,18,269.96,4859.28
2023-01-29,Monitor,8,290.33,2322.64
2023-05-12,Monitor,16,65.94,1055.04
2023-09-25,Keyboard,5,436.52,2182.6
2023-03-08,Monitor,4,412.54,1650.16
2023-01-11,Mouse,9,144.93,1304.37
2022-12-15,Headphones,14,128.23,1795.22
2023-09-03,Mouse,8,371.37,2970.96
2023-05-27,Mouse,6,429.28,2575.68
2022-12-10,Headphones,7,125.98,881.86
2022-10-28,Keyboard,13,102.13,1327.69
2023-07-24,Headphones,13,346.92,4509.96
2023-01-17,Keyboard,15,473.62,7104.3
2023-08-23,Keyboard,10,485.78,4857.8
2022-11-23,Headphones,5,284.9,1424.5
2023-05-10,Keyboard,10,468.6,4686.0
2023-08-26,Monitor,1,124.53,124.53
2023-01-23,Mouse,2,421.98,843.96
2023-04-03,Monitor,8,320.11,2560.88
2023-10-01,Laptop,19,155.16,2948.04
2022-12-12,Laptop,9,232.84,2095.56
2022-12-20,Laptop,12,311.17,3734.04
2022-11-18,Laptop,8,83.94,671.52
2023-01-27,Mouse,5,417.33,2086.65
2023-05-21,Keyboard,9,451.06,4059.54
2023-07-17,Keyboard,11,468.62,5154.82
2023-04-01,Mouse,4,286.86,1147.44
2022-12-29,Headphones,14,387.67,5427.38
2023-06-16,Laptop,14,430.35,6024.9
2023-08-27,Mouse,17,59.88,1017.96
2023-07-24,Mouse,18,180.2,3243.6
2023-02-10,Headphones,20,350.65,7013.0
2023-03-26,Keyboard,19,224.47,4264.93
2023-01-05,Headphones,20,394.65,7893.0
2022-10-27,Keyboard,17,130.31,2215.27
2023-02-10,Headphones,19,417.41,7930.79
2023-08-30,Laptop,13,245.61,3192.93
2023-01-31,Mouse,13,192.36,2500.68
2022-12-26,Mouse,20,202.87,4057.4
2023-09-19,Keyboard,9,273.42,2460.78
2023-03-16,Laptop,15,115.27,1729.05
2023-03-28,Monitor,9,183.11,1647.99
2023-04-11,Headphones,12,321.9,3862.8
2023-07-02,Monitor,15,238.04,3570.6
2023-04-02,Keyboard,3,163.28,489.84
2023-04-21,Headphones,4,346.14,1384.56
2022-12-10,Keyboard,10,171.14,1711.4
2023-04-14,Laptop,13,387.4,5036.2
2023-03-31,Laptop,4,283.78,1135.12
2022-11-13,Laptop,19,372.03,7068.57
2022-11-10,Laptop,13,109.28,1420.64
2023-09-16,Laptop,11,59.31,652.41
2023-02-23,Mouse,9,387.52,3487.68
2023-06-11,Laptop,6,306.04,1836.24
2022-12-03,Monitor,16,456.13,7298.08
2023-02-13,Mouse,9,86.45,778.05
2022-12-28,Monitor,7,324.21,2269.47
2023-08-21,Headphones,15,59.51,892.65
2022-12-01,Keyboard,4,379.27,1517.08
2023-02-02,Mouse,8,388.89,3111.12
2023-03-13,Mouse,7,277.52,1942.64
2022-11-06,Keyboard,13,275.22,3577.86
2023-04-26,Headphones,8,339.2,2713.6
2023-09-03,Keyboard,12,418.71,5024.52
2023-06-28,Headphones,2,148.01,296.02
2023-06-29,Headphones,4,499.85,1999.4
2023-03-19,Monitor,8,251.6,2012.8
2022-12-08,Keyboard,2,395.11,790.22
2023-09-07,Headphones,2,444.66,889.32
2023-03-04,Laptop,6,68.91,413.46
2023-09-03,Monitor,14,94.59,1324.26
2023-03-05,Keyboard,5,445.81,2229.05
2022-12-11,Headphones,7,265.06,1855.42
2023-07-25,Laptop,12,393.63,4723.56
2023-07-02,Laptop,17,281.93,4792.81
2023-07-24,Monitor,4,253.39,1013.56
2023-03-14,Headphones,3,450.65,1351.95
2022-12-30,Laptop,2,187.81,375.62
2023-08-24,Mouse,10,329.99,3299.9
2023-08-02,Mouse,20,466.76,9335.2
2023-07-29,Mouse,15,143.28,2149.2
2023-01-01,Headphones,9,193.01,1737.09
2023-05-25,Headphones,7,208.94,1462.58
2023-07-11,Laptop,5,79.76,398.8
2023-08-08,Headphones,1,296.02,296.02
2023-03-27,Headphones,9,241.86,2176.74
2023-06-14,Headphones,17,180.61,3070.37
2023-09-08,Mouse,13,57.72,750.36
2023-10-10,Laptop,6,244.33,1465.98
2023-08-16,Headphones,7,142.5,997.5
2023-09-03,Laptop,12,253.33,3039.96
2023-06-24,Headphones,18,483.02,8694.36
2023-05-06,Keyboard,6,261.76,1570.56
2023-02-03,Headphones,10,172.88,1728.8
2023-06-29,Mouse,17,84.03,1428.51
2022-12-09,Monitor,17,345.67,5876.39
2023-03-19,Monitor,2,281.3,562.6
2023-03-14,Laptop,19,279.47,5309.93
2023-10-13,Laptop,13,424.03,5512.39
2023-09-07,Laptop,5,471.55,2357.75
2023-10-16,Laptop,17,286.13,4864.21
2023-10-16,Keyboard,11,427.56,4703.16
2023-06-26,Mouse,12,371.27,4455.24
2022-10-28,Headphones,10,287.23,2872.3
2023-10-05,Laptop,1,101.56,101.56
2023-09-14,Headphones,11,230.61,2536.71
2023-08-19,Keyboard,15,241.68,3625.2
2023-07-31,Monitor,18,157.38,2832.84
2023-03-04,Headphones,2,423.01,846.02
2023-05-26,Headphones,20,250.41,5008.2
2023-07-02,Keyboard,1,367.18,367.18
2023-03-25,Keyboard,7,463.14,3241.98
2022-11-09,Headphones,11,151.0,1661.0
2022-10-29,Headphones,10,495.57,4955.7
2023-10-06,Monitor,5,136.27,681.35
2022-10-27,Monitor,5,450.63,2253.15
2023-09-14,Headphones,2,475.33,950.66
2023-01-26,Headphones,6,156.61,939.66
2023-10-15,Laptop,13,116.33,1512.29
2023-08-30,Mouse,14,245.79,3441.06
2023-01-19,Mouse,3,374.79,1124.37
2023-08-30,Monitor,10,403.23,4032.3
2023-04-22,Headphones,1,188.36,188.36
2023-10-11,Mouse,2,163.56,327.12
2023-09-28,Laptop,19,296.09,5625.71
2023-08-25,Keyboard,9,428.75,3858.75
2023-06-11,Mouse,8,476.75,3814.0
2023-09-18,Monitor,7,61.76,432.32
2023-02-04,Monitor,9,277.19,2494.71
2023-08-26,Laptop,15,385.38,5780.7
2023-10-06,Monitor,15,89.39,1340.85
2022-12-16,Headphones,17,69.91,1188.47
2023-08-17,Headphones,20,151.41,3028.2
2023-07-01,Headphones,3,425.48,1276.44
2023-03-08,Monitor,1,168.03,168.03
2023-02-07,Laptop,19,202.7,3851.3
2023-03-07,Headphones,17,164.75,2800.75
2023-03-06,Headphones,16,312.38,4998.08
2023-04-27,Laptop,18,242.7,4368.6
2022-12-04,Laptop,1,185.64,185.64
2023-02-15,Monitor,7,394.27,2759.89
2023-08-21,Monitor,7,422.14,2954.98
2022-12-21,Mouse,7,213.64,1495.48
2023-01-29,Mouse,17,224.5,3816.5
2023-01-11,Mouse,20,302.4,6048.0
2023-06-23,Keyboard,15,438.51,6577.65
2023-08-26,Headphones,18,462.33,8321.94
2023-07-23,Headphones,3,457.15,1371.45
2023-09-12,Keyboard,14,142.98,2001.72
2023-01-15,Mouse,19,146.43,2782.17
2022-10-28,Laptop,5,427.55,2137.75
2023-08-24,Headphones,4,386.35,1545.4
2023-08-16,Mouse,15,438.87,6583.05
2022-12-29,Headphones,11,100.48,1105.28
2023-04-07,Laptop,19,54.93,1043.67
2023-07-17,Monitor,8,186.72,1493.76
2023-10-21,Mouse,3,460.64,1381.92
2023-02-28,Monitor,1,362.59,362.59
2023-10-17,Headphones,10,276.55,2765.5
2022-10-29,Monitor,17,315.61,5365.37
2023-02-08,Keyboard,6,327.4,1964.4
2022-10-22,Mouse,4,65.98,263.92
2023-06-07,Mouse,11,62.96,692.56
2023-09-25,Monitor,19,268.84,5107.96
2023-08-31,Laptop,6,122.31,733.86
2023-09-02,Mouse,9,348.87,3139.83
2022-12-16,Mouse,14,153.73,2152.22
2022-11-14,Keyboard,10,179.12,1791.2
2023-04-20,Monitor,9,251.68,2265.12
2023-02-07,Headphones,11,115.06,1265.66
2023-02-19,Keyboard,19,100.88,1916.72
2023-04-07,Keyboard,12,293.54,3522.48
2023-05-07,Monitor,10,127.98,1279.8
2023-10-20,Laptop,5,61.38,306.9
2023-08-17,Laptop,14,397.94,5571.16
2023-04-11,Laptop,1,365.59,365.59
2023-09-01,Keyboard,1,288.94,288.94
2023-08-05,Headphones,3,372.81,1118.43
2023-06-01,Laptop,18,60.66,1091.88
2023-04-30,Keyboard,12,337.18,4046.16
2022-12-02,Keyboard,3,442.74,1328.22
2022-12-22,Mouse,11,359.65,3956.15
2022-11-11,Mouse,6,181.1,1086.6
2023-09-25,Keyboard,2,280.21,560.42
2023-02-27,Monitor,18,421.4,7585.2
2023-03-23,Keyboard,12,83.55,1002.6
2022-11-30,Headphones,3,327.95,983.85
2022-11-03,Mouse,8,413.48,3307.84
2023-04-17,Laptop,7,209.27,1464.89
2023-10-13,Laptop,8,146.77,1174.16
2022-12-30,Keyboard,2,432.43,864.86
2022-11-20,Laptop,12,120.2,1442.4
2023-05-21,Keyboard,8,442.22,3537.76
2023-08-25,Mouse,7,398.47,2789.29
2023-09-04,Laptop,15,101.49,1522.35
2023-05-10,Mouse,17,173.55,2950.35
2023-03-16,Monitor,15,362.16,5432.4
2023-03-02,Laptop,11,161.01,1771.11
2023-03-16,Laptop,8,152.18,1217.44
2023-07-04,Mouse,8,228.74,1829.92
2023-07-27,Mouse,5,69.4,347.0
2023-06-16,Mouse,11,382.64,4209.04
2023-04-13,Headphones,8,50.55,404.4
2023-09-21,Mouse,12,300.03,3600.36
2023-09-03,Keyboard,14,395.45,5536.3
2023-03-02,Mouse,14,281.63,3942.82
2022-12-13,Laptop,14,208.73,2922.22
2023-01-06,Keyboard,20,487.25,9745.0
2023-09-04,Keyboard,19,412.49,7837.31
2023-01-20,Mouse,9,340.49,3064.41
2023-08-09,Keyboard,16,410.03,6560.48
2023-03-22,Monitor,11,100.69,1107.59
2022-12-25,Keyboard,10,98.35,983.5
2023-09-17,Mouse,19,372.43,7076.17
2023-04-17,Keyboard,16,319.95,5119.2
2023-04-28,Headphones,15,213.67,3205.05
2023-08-21,Laptop,13,208.84,2714.92
2023-06-08,Monitor,3,144.32,432.96
2023-09-29,Mouse,11,261.85,2880.35
2023-08-08,Keyboard,7,170.99,1196.93
2023-03-09,Monitor,4,263.3,1053.2
2023-08-30,Headphones,4,295.23,1180.92
2023-06-03,Keyboard,3,265.08,795.24
2023-04-18,Monitor,10,380.57,3805.7
2022-12-26,Monitor,9,461.97,4157.73
2023-09-22,Monitor,16,249.56,3992.96
2023-09-27,Laptop,3,417.78,1253.34
2023-05-04,Mouse,6,93.43,560.58
2023-09-28,Monitor,9,60.25,542.25
2022-12-22,Monitor,15,141.4,2121.0
2022-12-30,Mouse,4,231.32,925.28
2023-08-13,Monitor,4,268.42,1073.68
2023-03-27,Keyboard,14,212.29,2972.06
2022-12-04,Keyboard,9,57.39,516.51
2023-04-04,Keyboard,1,220.69,220.69
2023-02-02,Headphones,16,441.45,7063.2
2023-07-15,Mouse,10,281.46,2814.6
2023-07-23,Monitor,7,447.17,3130.19
2023-03-03,Keyboard,12,170.51,2046.12
2023-03-24,Headphones,16,124.32,1989.12
2022-10-24,Mouse,4,310.45,1241.8
2023-09-24,Monitor,17,319.88,5437.96
2022-12-02,Mouse,9,93.99,845.91
2023-04-24,Mouse,20,455.46,9109.2
2023-08-10,Keyboard,1,467.03,467.03
2023-09-27,Mouse,3,119.24,357.72
2023-03-06,Laptop,11,97.41,1071.51
2022-11-13,Headphones,9,121.04,1089.36
2022-11-13,Mouse,5,322.7,1613.5
2023-02-20,Keyboard,7,449.81,3148.67
2023-04-27,Monitor,6,191.93,1151.58
2023-01-21,Mouse,4,419.1,1676.4
2023-06-17,Keyboard,2,95.99,191.98
2023-02-21,Monitor,16,144.38,2310.08
2023-05-17,Keyboard,16,52.27,836.32
2023-01-06,Mouse,6,484.16,2904.96
2023-09-27,Monitor,16,277.93,4446.88
2023-04-24,Mouse,9,426.42,3837.78
2023-06-10,Monitor,4,85.47,341.88
2022-10-24,Headphones,20,199.04,3980.8
2023-04-22,Monitor,8,468.69,3749.52
2023-09-09,Headphones,12,235.54,2826.48
2023-02-11,Keyboard,10,199.5,1995.0
2023-01-16,Headphones,11,72.3,795.3
2023-02-27,Keyboard,9,116.76,1050.84
2023-05-06,Laptop,1,87.37,87.37
2023-06-07,Mouse,13,86.33,1122.29
2023-10-06,Keyboard,14,186.41,2609.74
2023-01-18,Mouse,8,208.29,1666.32
2023-05-21,Headphones,8,416.53,3332.24
2023-08-15,Keyboard,14,465.47,6516.58
2023-07-04,Laptop,11,357.0,3927.0
2023-01-26,Mouse,5,471.13,2355.65
2023-02-08,Monitor,9,244.29,2198.61
2023-05-15,Keyboard,18,426.36,7674.48
2023-02-23,Mouse,17,431.83,7341.11
2023-08-29,Headphones,1,255.71,255.71
2023-08-16,Monitor,5,170.49,852.45
2023-07-08,Headphones,1,434.22,434.22
2023-04-02,Headphones,2,354.62,709.24
2022-12-25,Laptop,13,458.75,5963.75
2023-08-02,Monitor,20,82.61,1652.2
2022-11-21,Mouse,18,177.56,3196.08
2023-10-08,Headphones,19,359.61,6832.59
2022-10-25,Headphones,8,412.21,3297.68
2023-07-26,Keyboard,17,112.56,1913.52
2023-06-07,Mouse,3,383.17,1149.51
2023-09-26,Monitor,13,263.25,3422.25
2023-02-01,Mouse,1,177.91,177.91
2023-07-16,Keyboard,7,168.84,1181.88
2022-12-27,Laptop,3,199.81,599.43
2022-12-19,Headphones,14,183.45,2568.3
2023-07-27,Monitor,5,132.21,661.05
2023-04-16,Keyboard,14,80.65,1129.1
2023-10-04,Laptop,20,237.91,4758.2
2023-07-26,Mouse,6,390.71,2344.26
2023-05-15,Headphones,19,498.81,9477.39
2023-02-10,Mouse,16,246.98,3951.68
2023-04-07,Headphones,16,197.36,3157.76
2023-04-10,Monitor,5,225.15,1125.75
2023-03-26,Monitor,10,313.62,3136.2
2023-01-02,Laptop,9,407.39,3666.51
2023-05-13,Monitor,4,428.22,1712.88
2023-10-09,Headphones,5,429.66,2148.3
2023-10-17,Monitor,16,340.19,5443.04
2023-06-23,Keyboard,2,383.55,767.1
2023-06-14,Headphones,1,268.52,268.52
2023-07-26,Monitor,1,465.15,465.15
2023-02-10,Monitor,8,290.35,2322.8
2023-03-01,Keyboard,19,456.48,8673.12
2023-08-16,Mouse,3,273.1,819.3
2023-06-14,Keyboard,19,280.59,5331.21
2023-03-15,Headphones,7,212.2,1485.4
2023-04-07,Monitor,12,368.32,4419.84
2022-11-18,Keyboard,13,499.4,6492.2
2023-04-18,Headphones,4,419.52,1678.08
2023-02-03,Mouse,20,134.16,2683.2
2022-12-14,Keyboard,9,213.39,1920.51
2023-07-27,Headphones,9,84.39,759.51
2023-04-26,Mouse,3,456.1,1368.3
2023-07-23,Keyboard,14,122.63,1716.82
2023-05-22,Monitor,18,218.17,3927.06
2022-12-31,Headphones,11,333.49,3668.39
2023-07-22,Monitor,1,410.91,410.91
2023-06-23,Monitor,20,141.71,2834.2
2023-06-03,Mouse,19,89.53,1701.07
2023-07-18,Headphones,10,425.4,4254.0
2023-01-29,Monitor,14,268.67,3761.38
2023-09-16,Laptop,18,225.51,4059.18
2023-07-31,Mouse,16,174.69,2795.04
2022-11-04,Headphones,3,176.95,530.85
2023-02-17,Headphones,12,171.66,2059.92
2022-12-01,Laptop,4,281.41,1125.64
2023-08-05,Headphones,13,291.38,3787.94
2023-03-06,Monitor,9,182.6,1643.4
2023-09-15,Mouse,8,277.22,2217.76
2022-12-16,Laptop,4,492.18,1968.72
2022-12-22,Keyboard,17,460.69,7831.73
2023-02-21,Headphones,20,78.61,1572.2
2023-02-26,Laptop,7,211.61,1481.27
2023-02-26,Keyboard,4,54.66,218.64
2023-01-05,Headphones,11,169.15,1860.65
2023-09-24,Headphones,2,169.84,339.68
2023-10-05,Monitor,18,303.41,5461.38
2022-12-22,Mouse,6,348.33,2089.98
2022-12-17,Mouse,17,373.21,6344.57
2023-02-08,Mouse,13,496.2,6450.6
2023-06-27,Laptop,5,255.93,1279.65
2023-05-27,Headphones,15,266.56,3998.4
2023-04-06,Monitor,2,104.0,208.0
2023-01-11,Keyboard,5,483.67,2418.35
2023-03-24,Monitor,13,266.37,3462.81
2023-08-24,Keyboard,17,97.35,1654.95
2023-01-10,Mouse,2,196.92,393.84
2023-08-11,Headphones,1,88.43,88.43
2023-04-01,Mouse,19,359.17,6824.23
2023-03-23,Mouse,12,413.37,4960.44
2023-10-11,Headphones,17,149.76,2545.92
2023-09-10,Monitor,14,262.19,3670.66
2023-09-23,Laptop,4,182.97,731.88
2023-03-10,Laptop,9,346.8,3121.2
2023-08-02,Monitor,5,383.33,1916.65
2022-11-10,Headphones,5,485.57,2427.85
2023-08-18,Headphones,2,239.25,478.5
2023-06-07,Mouse,13,266.96,3470.48
2022-10-25,Keyboard,17,426.03,7242.51
2022-12-04,Monitor,2,77.11,154.22
2023-03-01,Monitor,2,238.7,477.4
2023-09-24,Laptop,7,187.39,1311.73
2023-10-03,Keyboard,3,375.02,1125.06
2023-03-28,Keyboard,20,213.94,4278.8
2022-11-23,Keyboard,16,58.43,934.88
2023-10-14,Laptop,19,134.56,2556.64
2023-06-05,Laptop,3,201.71,605.13
2023-06-17,Laptop,6,493.16,2958.96
2023-05-18,Keyboard,20,298.04,5960.8
2022-12-18,Mouse,13,254.77,3312.01
2023-05-31,Monitor,9,229.93,2069.37
2023-02-02,Monitor,10,237.42,2374.2
2023-06-17,Keyboard,7,54.07,378.49
2022-11-23,Monitor,4,139.48,557.92
2023-01-10,Mouse,13,233.06,3029.78
2023-07-27,Monitor,15,230.97,3464.55
2022-12-23,Mouse,1,425.09,425.09
2023-05-01,Keyboard,12,488.63,5863.56
2023-05-14,Keyboard,6,400.31,2401.86
2023-04-17,Monitor,19,429.35,8157.65
2023-04-12,Headphones,13,442.88,5757.44
2022-11-19,Headphones,13,422.34,5490.42
2022-12-31,Mouse,12,104.54,1254.48
2023-06-07,Laptop,19,59.02,1121.38
2023-09-28,Keyboard,7,325.97,2281.79
2022-11-26,Mouse,10,140.29,1402.9
2022-10-29,Keyboard,19,437.68,8315.92
2022-10-28,Monitor,4,226.93,907.72
2023-02-27,Headphones,20,244.53,4890.6
2022-12-28,Keyboard,20,121.12,2422.4
2023-09-30,Headphones,11,342.89,3771.79
2023-04-10,Headphones,8,336.64,2693.12
2023-02-01,Mouse,11,382.63,4208.93
2023-07-18,Headphones,6,337.9,2027.4
2023-03-01,Mouse,13,416.45,5413.85
2023-07-06,Laptop,19,422.11,8020.09
2023-10-08,Keyboard,16,300.38,4806.08
2022-11-15,Keyboard,13,250.81,3260.53
2023-01-12,Laptop,1,467.13,467.13
2023-01-09,Mouse,11,154.12,1695.32
2022-11-15,Mouse,12,244.84,2938.08
2023-04-13,Headphones,2,382.56,765.12
2023-03-25,Keyboard,5,72.33,361.65
2023-03-19,Keyboard,3,153.45,460.35
2022-11-02,Laptop,20,98.63,1972.6
2023-02-05,Mouse,10,277.55,2775.5
2023-06-23,Monitor,13,214.16,2784.08
2023-10-13,Monitor,15,74.31,1114.65
2022-12-15,Headphones,9,90.69,816.21
2023-08-11,Headphones,12,427.2,5126.4
2023-07-04,Mouse,5,310.36,1551.8
2023-08-01,Monitor,13,105.06,1365.78
2023-09-17,Keyboard,7,63.96,447.72
2022-10-22,Keyboard,9,323.82,2914.38
2023-03-16,Mouse,19,400.6,7611.4
2023-06-21,Mouse,2,410.61,821.22
2022-12-08,Mouse,1,96.48,96.48
2023-07-20,Laptop,13,332.56,4323.28
2023-01-25,Keyboard,13,359.73,4676.49
2023-08-18,Mouse,15,63.02,945.3
2023-03-29,Keyboard,1,480.37,480.37
2023-05-06,Mouse,5,180.85,904.25
2023-09-23,Keyboard,10,361.18,3611.8
2023-03-20,Keyboard,6,449.2,2695.2
2022-11-25,Mouse,16,449.38,7190.08
2023-05-27,Mouse,9,394.91,3554.19
2023-03-07,Laptop,1,99.66,99.66
2023-07-27,Headphones,14,309.15,4328.1
2023-09-03,Keyboard,2,233.93,467.86
2023-08-09,Headphones,5,432.16,2160.8
2023-01-19,Monitor,6,499.28,2995.68
2022-12-22,Keyboard,11,220.93,2430.23
2023-03-19,Headphones,9,164.26,1478.34
2023-01-14,Headphones,2,414.75,829.5
2023-03-01,Headphones,5,171.8,859.0
2023-03-17,Headphones,10,96.91,969.1
2023-04-20,Laptop,11,238.51,2623.61
2023-03-07,Keyboard,16,166.9,2670.4
2023-07-25,Headphones,11,114.22,1256.42
2023-09-27,Monitor,10,380.46,3804.6
2023-03-15,Keyboard,8,237.97,1903.76
2023-02-13,Monitor,3,171.99,515.97
2023-01-30,Headphones,10,167.55,1675.5
2023-02-01,Headphones,12,50.12,601.44
2023-03-17,Headphones,14,132.38,1853.32
2023-09-16,Headphones,12,403.01,4836.12
2022-10-23,Headphones,20,214.01,4280.2
2022-12-18,Mouse,8,193.93,1551.44
2022-11-25,Monitor,18,102.27,1840.86
2023-02-10,Mouse,19,203.42,3864.98
2023-04-16,Mouse,14,451.88,6326.32
2023-09-29,Monitor,13,181.25,2356.25
2023-01-27,Headphones,17,141.9,2412.3
2023-09-18,Headphones,11,133.21,1465.31
2023-09-03,Mouse,18,108.04,1944.72
2023-10-05,Mouse,16,81.85,1309.6
2022-11-01,Headphones,3,457.65,1372.95
2023-02-05,Laptop,17,312.76,5316.92
2023-07-25,Laptop,6,246.11,1476.66
2023-06-05,Laptop,13,179.96,2339.48
2023-06-07,Mouse,15,445.21,6678.15
2023-01-14,Keyboard,14,495.46,6936.44
2023-04-27,Keyboard,10,428.35,4283.5
2022-10-25,Keyboard,14,66.37,929.18
2022-11-28,Monitor,9,142.42,1281.78
2023-06-24,Keyboard,15,249.0,3735.0
2023-08-08,Keyboard,7,77.18,540.26
2023-06-21,Monitor,16,317.63,5082.08
2022-12-06,Monitor,5,353.31,1766.55
2023-01-15,Monitor,2,208.93,417.86
2023-01-16,Monitor,14,476.0,6664.0
2023-03-27,Monitor,18,365.69,6582.42
2022-10-30,Monitor,19,459.85,8737.15
2023-10-11,Keyboard,16,446.66,7146.56
2023-06-08,Monitor,19,323.34,6143.46
2023-08-28,Laptop,8,449.01,3592.08
2023-10-09,Monitor,9,354.76,3192.84
2023-03-06,Headphones,8,227.58,1820.64
2023-09-21,Monitor,9,154.55,1390.95
2023-07-28,Laptop,15,434.76,6521.4
2023-01-05,Keyboard,16,253.43,4054.88
2023-09-07,Laptop,14,293.76,4112.64
2023-01-15,Mouse,18,311.63,5609.34
2022-12-31,Keyboard,10,109.76,1097.6
2023-10-11,Monitor,14,242.77,3398.78
2022-12-10,Laptop,14,438.7,6141.8
2023-08-22,Laptop,9,294.26,2648.34
2023-02-24,Keyboard,17,115.3,1960.1
2023-05-17,Headphones,13,317.55,4128.15
2023-07-10,Monitor,2,319.5,639.0
2022-11-20,Mouse,12,51.17,614.04
2023-10-20,Monitor,17,386.25,6566.25
2022-12-19,Laptop,13,347.19,4513.47
2023-03-30,Monitor,10,356.21,3562.1
2023-03-08,Keyboard,11,248.21,2730.31
2023-08-03,Laptop,18,416.89,7504.02
2023-04-28,Keyboard,3,385.58,1156.74
2023-03-23,Keyboard,6,310.06,1860.36
2023-04-30,Laptop,6,411.91,2471.46
2022-11-23,Keyboard,4,384.12,1536.48
2023-08-25,Mouse,11,287.32,3160.52
2023-06-29,Monitor,14,195.43,2736.02
2023-06-18,Keyboard,2,83.54,167.08
2023-10-08,Mouse,18,59.03,1062.54
2023-08-29,Keyboard,1,74.08,74.08
2023-08-05,Monitor,18,316.51,5697.18
2023-03-27,Laptop,12,287.99,3455.88
2023-01-12,Headphones,14,178.95,2505.3
2023-01-26,Mouse,18,142.73,2569.14
2023-09-09,Monitor,3,206.05,618.15
2022-10-27,Mouse,19,280.2,5323.8
2023-02-23,Keyboard,2,242.19,484.38
2023-05-25,Headphones,4,360.9,1443.6
2022-12-24,Monitor,12,306.03,3672.36
2023-06-20,Headphones,3,388.85,1166.55
2023-03-03,Monitor,2,335.97,671.94
2023-01-10,Monitor,14,217.97,3051.58
2023-04-23,Laptop,13,335.98,4367.74
2023-03-09,Monitor,4,305.04,1220.16
2023-08-31,Mouse,7,234.12,1638.84
2023-06-03,Monitor,20,468.17,9363.4
2023-07-22,Headphones,15,170.48,2557.2
2023-06-22,Keyboard,14,131.02,1834.28
2023-10-14,Keyboard,2,497.36,994.72
2023-01-11,Laptop,7,94.43,661.01
2023-05-04,Headphones,3,288.46,865.38
2022-11-12,Headphones,3,453.23,1359.69
2023-04-16,Keyboard,15,249.59,3743.85
2023-10-10,Laptop,6,91.17,547.02
2023-01-16,Mouse,6,460.9,2765.4
2023-08-02,Keyboard,16,264.1,4225.6
2023-09-21,Keyboard,14,447.44,6264.16
2023-03-28,Keyboard,13,62.67,814.71
2023-04-26,Monitor,17,66.88,1136.96
2022-12-22,Laptop,10,355.27,3552.7
2023-02-27,Keyboard,10,294.1,2941.0
2023-08-01,Laptop,14,88.5,1239.0
2023-05-16,Monitor,16,104.51,1672.16
2023-01-26,Keyboard,15,300.89,4513.35
2023-03-15,Headphones,11,241.37,2655.07
2022-11-13,Headphones,4,242.51,970.04
2023-08-16,Keyboard,6,358.32,2149.92
2023-04-22,Monitor,20,329.01,6580.2
2023-08-31,Keyboard,12,309.05,3708.6
2023-03-20,Mouse,20,124.95,2499.0
2022-11-30,Keyboard,6,241.31,1447.86
2023-04-16,Monitor,15,439.05,6585.75
2023-05-01,Headphones,17,301.4,5123.8
2023-03-20,Headphones,9,242.55,2182.95
2023-06-05,Mouse,18,383.63,6905.34
2023-02-26,Mouse,2,148.78,297.56
2022-11-13,Headphones,9,311.67,2805.03
2022-11-28,Mouse,8,95.89,767.12
2022-11-03,Laptop,10,186.15,1861.5
2022-12-13,Laptop,12,237.74,2852.88
2023-02-19,Laptop,8,298.01,2384.08
2023-01-23,Keyboard,18,370.76,6673.68
2022-11-28,Headphones,12,174.29,2091.48
2022-11-20,Monitor,2,77.1,154.2
2023-07-22,Laptop,6,366.35,2198.1
2023-08-29,Laptop,20,202.43,4048.6
2023-07-21,Laptop,18,62.63,1127.34
2023-06-06,Laptop,3,300.2,900.6
2022-12-02,Laptop,1,116.56,116.56
2023-02-01,Headphones,18,111.52,2007.36
2023-05-17,Keyboard,8,185.47,1483.76
2023-07-14,Headphones,14,470.96,6593.44
2023-03-29,Mouse,9,436.27,3926.43
2023-02-22,Keyboard,20,447.54,8950.8
2023-06-21,Monitor,7,218.3,1528.1
2023-06-19,Keyboard,5,322.01,1610.05
2023-07-01,Laptop,5,130.68,653.4
2023-07-17,Mouse,10,271.18,2711.8
2023-08-16,Laptop,18,481.61,8668.98
2023-01-09,Headphones,20,251.22,5024.4
2022-11-08,Mouse,20,468.99,9379.8
2022-11-12,Keyboard,12,392.29,4707.48
2023-05-13,Keyboard,9,195.68,1761.12
2023-03-04,Keyboard,2,461.79,923.58
2023-08-05,Keyboard,6,55.07,330.42
2023-02-21,Monitor,15,257.88,3868.2
2023-02-07,Headphones,9,114.58,1031.22
2023-05-22,Monitor,5,374.86,1874.3
2023-03-12,Mouse,14,296.22,4147.08
2023-09-04,Monitor,10,304.63,3046.3
2023-06-20,Headphones,15,67.93,1018.95
2023-10-15,Monitor,17,385.43,6552.31
2023-08-29,Mouse,20,444.38,8887.6
2023-03-16,Mouse,13,286.13,3719.69
2022-10-23,Monitor,16,477.33,7637.28
2023-06-19,Keyboard,18,262.67,4728.06
2022-10-29,Laptop,18,228.07,4105.26
2023-09-28,Mouse,13,360.73,4689.49
2022-10-26,Mouse,9,306.29,2756.61
2023-04-28,Headphones,3,132.11,396.33
2023-05-28,Mouse,5,288.95,1444.75
2023-02-11,Monitor,11,219.65,2416.15
2023-03-30,Monitor,11,263.57,2899.27
2023-04-06,Laptop,8,55.32,442.56
2023-02-14,Laptop,7,462.18,3235.26
2022-12-16,Monitor,18,446.23,8032.14
2023-07-30,Laptop,12,232.21,2786.52
2023-02-14,Headphones,17,258.54,4395.18
2023-03-18,Headphones,4,67.36,269.44
2023-03-27,Monitor,2,397.58,795.16
2022-12-10,Mouse,16,201.93,3230.88
2022-12-20,Mouse,13,137.84,1791.92
